Model,ROC-AUC,PR-AUC
Gradient Boosting,0.9999295918367347,0.9969180331730683
Random Forest,0.9998433673469388,0.9935243390373755
Logistic Regression,0.9996423469387755,0.990152958740236
